{"Basil, Genovese": {"Sun": "Full Sun", "Days To Maturity": "60-90 days", "Life Cycle": "Annual", "Height": "18-24 inches", "Spread": "10-14 inches", "Additional Uses": "Container Plant, Fragrant", "Sow Method": "Direct Sow/Indoor Sow", "Planting Time": "Spring, Summer", "Thin": "12 inches"}, "Chives": {"Sun": "Full Sun", "Days To Maturity": "80-90 days", "Life Cycle": "Perennial", "Height": "12-18 inches", "Spread": "3-4 inches", "Additional Uses": "Container Plant, Easy Care, Eco-Friendly, Low Maintenance", "Sow Method": "Direct Sow/Indoor Sow", "Planting Time": "Fall, Spring", "Thin": "3 inches"}, "Cilantro, Calypso": {"Sun": "Full Sun", "Days To Maturity": "50-55 days", "Life Cycle": "Annual", "Height": "12-18 inches", "Spread": "12 inches", "Sow Method": "Direct Sow/Indoor Sow", "Planting Time": "Spring, Summer", "Thin": "12 inches"}, "Dill, Mammoth": {"Sun": "Full Sun", "Days To Maturity": "40-60 days", "Life Cycle": "Annual", "Height": "36 inches", "Spread": "16-24 inches", "Additional Uses": "Fragrant", "Sow Method": "Direct Sow", "Planting Time": "Spring, Summer", "Thin": "18 inches"}, "Fennel, Florence": {"Sun": "Full Sun", "Days To Maturity": "60-90 days", "Life Cycle": "Annual", "Height": "30 inches", "Spread": "16-24 inches", "Sow Method": "Direct Sow/Indoor Sow", "Planting Time": "Spring, Summer", "Thin": "18 inches"}, "Lavender, Lady": {"Sun": "Full Sun", "Days To Maturity": "90-200 days", "Life Cycle": "Perennial", "Height": "16 inches", "Spread": "16 inches", "Additional Uses": "Container Plant, Easy Care, Eco-Friendly, Low Maintenance", "Sow Method": "Indoor Sow", "Planting Time": "Fall, Spring", "Soil pH": "Alkaline", "Thin": "18 inches"}, "Oregano, Greek": {"Sun": "Full Sun", "Days To Maturity": "90-200 days", "Life Cycle": "Perennial", "Height": "12-24 inches", "Spread": "12-16 inches", "Sow Method": "Direct Sow/Indoor Sow", "Planting Time": "Fall, Spring", "Thin": "18 inches"}, "Parsley, Single Italian": {"Sun": "Full Sun, Part Sun", "Days To Maturity": "60-80 days", "Life Cycle": "Biennial", "Height": "12-18 inches", "Spread": "12-14 inches", "Additional Uses": "Container Plant", "Sow Method": "Direct Sow/Indoor Sow", "Planting Time": "Spring, Summer", "Thin": "6 inches"}, "Rosemary, Arp": {"Sun": "Full Sun", "Days To Maturity": "90-200 days", "Life Cycle": "Perennial", "Height": "36-48 inches", "Spread": "36 inches", "Additional Uses": "Container Plant", "Sow Method": "Indoor Sow", "Planting Time": "Spring, Summer", "Thin": "36 inches"}, "Sage, Common": {"Sun": "Full Sun", "Days To Maturity": "90-200 days", "Life Cycle": "Perennial", "Height": "12-24 inches", "Spread": "16-24 inches", "Sow Method": "Direct Sow/Indoor Sow", "Planting Time": "Fall, Spring", "Thin": "24 inches"}, "Tarragon, Mexican": {"Sun": "Full Sun", "Days To Maturity": "85 days", "Life Cycle": "Annual", "Height": "24 inches", "Spread": "12-15 inches", "Sow Method": "Direct Sow", "Planting Time": "Spring, Summer", "Thin": "12 inches"}, "Thyme, Common": {"Sun": "Full Sun", "Days To Maturity": "180-200 days", "Life Cycle": "Perennial", "Height": "6-12 inches", "Spread": "6-8 inches", "Additional Uses": "Container Plant, Easy Care, Eco-Friendly, Low Maintenance", "Sow Method": "Indoor Sow", "Planting Time": "Fall, Spring", "Thin": "12 inches"}, "Verbena, Lemon": {"Sun": "Full Sun", "Days To Maturity": "60-90 days", "Life Cycle": "Perennial", "Height": "36-72 inches", "Spread": "36-72 inches", "Sow Method": "Indoor Sow", "Planting Time": "Spring, Summer", "Soil pH": "Acidic", "Thin": "6 feet"}, "Arugula, Rocket (Roquette)": {"Days To Maturity": "35 days", "Leaf Texture": "Frilly", "Sun": "Full Sun", "Spread": "4 inches", "Height": "12-14 inches", "Sow Method": "Direct Sow/Indoor Sow", "Planting Time": "Fall, Spring", "Sow Time": "2-4 weeks BLF", "Thin": "6 inches", "Life Cycle": "Annual"}, "Bean, Pole, Fortex": {"Type": "Pole Filet", "Days To Maturity": "75 days", "Fruit Size": "6 inches", "Sun": "Full Sun", "Spread": "18 inches", "Height": "96-120 inches", "Sow Method": "Direct Sow", "Planting Time": "Spring, Summer", "Sow Time": "After Last Frost", "Thin": "6 inches"}, "Beet, Detroit Dark Red Medium Top": {"Days To Maturity": "59 days", "Fruit Size": "3 inches", "Sun": "Full Sun", "Spread": "12 inches", "Height": "8-10 inches", "Sow Method": "Direct Sow", "Planting Time": "Spring, Summer", "Sow Time": "2-4 weeks BLF", "Thin": "4 inches", "Life Cycle": "Annual"}, "Broccoli, Sun King Hybrid": {"Days To Maturity": "71 days", "Fruit Size": "6-8 inches", "Sun": "Full Sun", "Spread": "18 inches", "Height": "14 inches", "Sow Method": "Indoor Sow", "Planting Time": "Fall, Spring", "Sow Time": "2-4 weeks BLF", "Thin": "18 inches", "Life Cycle": "Annual"}, "Brussels Sprouts, Octia Hybrid": {"Days To Maturity": "78 days", "Fruit Size": "1 inches", "Sun": "Full Sun", "Spread": "12 inches", "Height": "36 inches", "Sow Method": "Direct Sow/Indoor Sow", "Planting Time": "Fall, Spring", "Sow Time": "6-8 weeks BLF", "Thin": "12 inches", "Life Cycle": "Annual"}, "Chinese Cabbage, Pak Choi, Toy Choi Hybrid": {"Days To Maturity": "30 days", "Sun": "Full Sun", "Spread": "12 inches", "Height": "18-20 inches", "Sow Method": "Indoor Sow", "Planting Time": "Fall, Spring", "Sow Time": "4-6 weeks BLF", "Thin": "16 inches", "Life Cycle": "Annual"}, "Cabbage, Early Jersey Wakefield": {"Days To Maturity": "90-110 days", "Fruit Size": "5-7 inches", "Sun": "Full Sun", "Spread": "12-18 inches", "Height": "9-15 inches", "Sow Method": "Indoor Sow", "Planting Time": "Fall, Spring", "Sow Time": "6-8 weeks BLF", "Thin": "18 inches", "Life Cycle": "Annual"}, "Carrot, Touchon": {"Type": "Nantes", "Days To Maturity": "65 days", "Fruit Size": "6 inches", "Sun": "Full Sun", "Spread": "3 inches", "Height": "4-8 inches", "Sow Method": "Direct Sow", "Planting Time": "Fall, Spring", "Sow Time": "2-4 weeks BLF", "Thin": "3 inches"}, "Celery, Tall Utah 52-70R Improved": {"Days To Maturity": "90-100 days", "Fruit Size": "11 inches", "Sun": "Full Sun", "Spread": "12 inches", "Height": "18-24 inches", "Sow Method": "Indoor Sow", "Planting Time": "Spring", "Sow Time": "8-12 weeks BLF", "Thin": "8 inches", "Life Cycle": "Annual"}, "Corn, Ambrosia Hybrid": {"Type": "SE", "Days To Maturity": "75 days", "Fruit Size": "8 inches", "Sun": "Full Sun", "Spread": "12 inches", "Height": "6-7 feet", "Sow Method": "Direct Sow", "Planting Time": "Spring", "Sow Time": "After Last Frost", "Thin": "9 inches"}, "Cucumber, Supremo Hybrid": {"Type": "Pickling", "Days To Maturity": "56 days", "Fruit Size": "3-5 inches", "Sun": "Full Sun", "Spread": "24-36 inches", "Height": "15 inches", "Sow Method": "Direct Sow", "Planting Time": "Spring, Summer", "Sow Time": "After Last Frost", "Thin": "12 inches"}, "Cucumber, Sugar Crunch Hybrid": {"Type": "Snacking", "Days To Maturity": "57 days", "Fruit Size": "4-5 inches", "Sun": "Full Sun", "Spread": "36 inches", "Height": "6-8 inches", "Sow Method": "Direct Sow", "Planting Time": "Spring, Summer", "Sow Time": "After Last Frost", "Thin": "24 inches"}, "Eggplant, Millionaire Hybrid": {"Days To Maturity": "55 days", "Fruit Size": "8-10 inches", "Sun": "Full Sun", "Spread": "16 inches", "Height": "18-24 inches", "Sow Method": "Indoor Sow", "Planting Time": "Spring", "Sow Time": "8-12 weeks BLF", "Thin": "18 inches", "Life Cycle": "Annual"}, "Garlic, Extra Select": {"Type": "Softneck", "Days To Maturity": "90-240 days", "Sun": "Full Sun", "Spread": "4 inches", "Height": "18-24 inches", "Sow Method": "Direct Sow", "Planting Time": "Fall, Spring", "Thin": "4 inches"}, "Horseradish, Maliner Kren": {"Days To Maturity": "140-160 days", "Fruit Size": "8 inches", "Sun": "Full Sun", "Spread": "12 inches", "Height": "20-24 inches", "Sow Method": "Direct Sow", "Planting Time": "Fall, Spring", "Sow Time": "After Last Frost", "Thin": "12 inches", "Life Cycle": "Perennial"}, "Kale, Red Winter Organic": {"Days To Maturity": "50 days", "Sun": "Full Sun", "Spread": "18 inches", "Height": "24 inches", "Sow Method": "Direct Sow/Indoor Sow", "Planting Time": "Fall, Spring", "Sow Time": "2-4 weeks BLF", "Thin": "12 inches", "Life Cycle": "Annual"}, "Leek, Dawn Giant": {"Days To Maturity": "98 days", "Fruit Size": "15 inches", "Sun": "Full Sun", "Spread": "12 inches", "Height": "24 inches", "Sow Method": "Direct Sow", "Planting Time": "Spring", "Sow Time": "2-4 weeks BLF", "Thin": "8 inches", "Life Cycle": "Annual"}, "Lettuce, Looseleaf Blend": {"Type": "Looseleaf", "Days To Maturity": "45-50 days", "Leaf Texture": "Mixed", "Sun": "Full Sun, Part Sun", "Spread": "6 inches", "Height": "9-15 inches", "Sow Method": "Direct Sow/Indoor Sow", "Planting Time": "Fall, Spring", "Sow Time": "2-4 weeks BLF", "Thin": "8 inches"}, "Cantaloupe, Burpee's Ambrosia Hybrid": {"Days To Maturity": "86 days", "Fruit Weight": "5 pounds", "Sun": "Full Sun", "Spread": "36-72 inches", "Height": "15-18 inches", "Sow Method": "Direct Sow", "Planting Time": "Summer", "Sow Time": "After Last Frost", "Thin": "36 inches", "Life Cycle": "Annual"}, "Mesclun, Classic Mix": {"Days To Maturity": "30 days", "Sun": "Full Sun, Part Sun", "Spread": "6 inches", "Height": "9-15 inches", "Sow Method": "Direct Sow/Indoor Sow", "Planting Time": "Fall, Spring", "Sow Time": "2-4 weeks BLF", "Thin": "1 inches", "Life Cycle": "Annual"}, "Okra, Clemson Spineless": {"Days To Maturity": "56 days", "Fruit Size": "2-3 inches", "Sun": "Full Sun", "Spread": "36-48 inches", "Height": "36-48 inches", "Sow Method": "Direct Sow/Indoor Sow", "Planting Time": "Spring, Summer", "Sow Time": "After Last Frost", "Thin": "12 inches", "Life Cycle": "Annual"}, "Bunching Onion, Evergreen Long White Organic": {"Type": "Bunching", "Days To Maturity": "60-120 days", "Sun": "Full Sun", "Spread": "8 inches", "Height": "12-14 inches", "Sow Method": "Direct Sow", "Planting Time": "Spring", "Sow Time": "2-4 weeks BLF", "Thin": "8 inches"}, "Onion Collection, Sets": {"Type": "Long Day", "Days To Maturity": "70-80 days", "Fruit Size": "1-2 inches", "Sun": "Full Sun", "Spread": "4 inches", "Height": "10-12 inches", "Sow Method": "Direct Sow", "Planting Time": "Spring", "Sow Time": "2-4 weeks BLF", "Thin": "4 inches"}, "Onion, Walla Walla Sweet": {"Type": "Long Day", "Days To Maturity": "80-90 days", "Fruit Size": "4-6 inches", "Sun": "Full Sun", "Spread": "4 inches", "Height": "10-12 inches", "Sow Method": "Direct Sow", "Planting Time": "Spring", "Sow Time": "2-4 weeks BLF", "Thin": "4 inches"}, "Parsnip, Hollow Crown": {"Days To Maturity": "105 days", "Fruit Size": "12 inches", "Sun": "Full Sun", "Spread": "8 inches", "Height": "10-15 inches", "Sow Method": "Direct Sow", "Planting Time": "Fall, Spring", "Sow Time": "2-4 weeks BLF", "Thin": "4 inches", "Life Cycle": "Annual"}, "Pea, Easy Peasy": {"Type": "Shelling", "Days To Maturity": "60-65 days", "Fruit Size": "3 inches", "Sun": "Full Sun", "Spread": "6-8 inches", "Height": "28-32 inches", "Sow Method": "Direct Sow", "Planting Time": "Fall, Spring", "Sow Time": "2-4 weeks BLF", "Thin": "6 inches"}, "Pea, Sugar Snap": {"Type": "Snap Edible Pod", "Days To Maturity": "70 days", "Fruit Size": "3 inches", "Sun": "Full Sun", "Spread": "8 inches", "Height": "48-72 inches", "Sow Method": "Direct Sow", "Planting Time": "Fall, Spring", "Sow Time": "2-4 weeks BLF", "Thin": "6 inches"}, "Pepper, Hot, Big Guy Hybrid": {"Type": "Jalapeno", "Days To Maturity": "69 days", "Fruit Size": "5 inches", "Sun": "Full Sun", "Spread": "37 inches", "Height": "43 inches", "Sow Method": "Indoor Sow", "Planting Time": "Spring", "Sow Time": "8-12 weeks BLF", "Thin": "36 inches"}, "Pepper, Hot, Habanero": {"Type": "Habanero", "Days To Maturity": "95-100 days", "Fruit Size": "1-2 inches", "Sun": "Full Sun", "Spread": "16 inches", "Height": "18-24 inches", "Sow Method": "Indoor Sow", "Planting Time": "Spring", "Sow Time": "8-12 weeks BLF", "Thin": "24 inches"}, "Pepper, Hot, Pepperoncini Greek": {"Days To Maturity": "65 days", "Fruit Size": "2-3 inches", "Sun": "Full Sun", "Spread": "18-24 inches", "Height": "30 inches", "Sow Method": "Indoor Sow", "Planting Time": "Spring", "Sow Time": "8-12 weeks BLF", "Thin": "24 inches"}, "Pepper, Hot, Serrano Chili": {"Type": "Banana", "Days To Maturity": "75-90 days", "Fruit Size": "1-2 inches", "Sun": "Full Sun", "Spread": "16 inches", "Height": "18-24 inches", "Sow Method": "Indoor Sow", "Planting Time": "Spring", "Sow Time": "8-12 weeks BLF", "Thin": "24 inches"}, "Pepper, Sweet, California Wonder": {"Type": "Bell", "Days To Maturity": "75 days", "Fruit Size": "4 inches", "Sun": "Full Sun", "Spread": "12 inches", "Height": "18-24 inches", "Sow Method": "Indoor Sow", "Planting Time": "Spring", "Sow Time": "8-12 weeks BLF", "Thin": "24 inches"}, "Pumpkin, Small Sugar": {"Days To Maturity": "100-105 days", "Fruit Weight": "5-8 pounds", "Sun": "Full Sun", "Spread": "48 inches", "Height": "12-18 inches", "Sow Method": "Direct Sow", "Planting Time": "Spring", "Sow Time": "After Last Frost", "Thin": "6 feet", "Life Cycle": "Annual"}, "Radish, Perfecto": {"Type": "Round Red", "Days To Maturity": "25 days", "Fruit Size": "1 inches", "Sun": "Full Sun", "Spread": "3 inches", "Height": "4-6 inches", "Sow Method": "Direct Sow", "Planting Time": "Fall, Spring", "Sow Time": "2-4 weeks BLF", "Thin": "3 inches"}, "Spinach, Baby's Leaf Hybrid": {"Days To Maturity": "30-40 days", "Sun": "Full Sun, Part Sun", "Spread": "4 inches", "Height": "10-12 inches", "Sow Method": "Direct Sow/Indoor Sow", "Planting Time": "Fall, Spring", "Sow Time": "2-4 weeks BLF", "Thin": "4 inches", "Life Cycle": "Annual"}, "Squash, Summer, Golden Egg Hybrid": {"Type": "Summer Specialty", "Days To Maturity": "41 days", "Fruit Size": "4 inches", "Sun": "Full Sun", "Spread": "36-72 inches", "Height": "26 inches", "Sow Method": "Direct Sow", "Planting Time": "Spring, Summer", "Sow Time": "After Last Frost", "Thin": "36 inches"}, "Squash, Winter, Burpee's Butterbush": {"Type": "Winter Butternut", "Days To Maturity": "75 days", "Fruit Size": "12-18 inches", "Sun": "Full Sun", "Spread": "48-60 inches", "Height": "10-12 inches", "Sow Method": "Direct Sow", "Planting Time": "Spring, Summer", "Sow Time": "After Last Frost", "Thin": "36 inches"}, "Swiss Chard, Bright Lights": {"Days To Maturity": "60 days", "Sun": "Full Sun", "Spread": "8 inches", "Height": "12-16 inches", "Sow Method": "Direct Sow", "Planting Time": "Spring, Summer", "Sow Time": "2-4 weeks BLF", "Thin": "12 inches", "Life Cycle": "Annual"}, "Tomato, Big Mama Hybrid": {"Type": "Paste", "Fruit Bearing": "Indeterminate", "Days To Maturity": "80 days", "Fruit Weight": "8-10 ounces", "Sun": "Full Sun", "Spread": "60 inches", "Height": "70 inches", "Sow Method": "Indoor Sow", "Sow Time": "6-8 weeks BLF", "Thin": "36 inches"}, "Tomato, Brandy Boy  Hybrid": {"Type": "Beefsteak", "Fruit Bearing": "Indeterminate", "Days To Maturity": "75-78 days", "Fruit Weight": "14 ounces", "Sun": "Full Sun", "Spread": "65 inches", "Height": "75 inches", "Sow Method": "Indoor Sow", "Sow Time": "6-8 weeks BLF", "Thin": "36 inches"}, "Tomato, Cherry Baby Hybrid": {"Type": "Cherry", "Fruit Bearing": "Indeterminate", "Days To Maturity": "67-70 days", "Fruit Weight": "1 ounces", "Sun": "Full Sun", "Spread": "48-60 inches", "Height": "48-60 inches", "Sow Method": "Indoor Sow", "Sow Time": "6-8 weeks BLF", "Thin": "6 inches"}, "Turnip, Purple Top White Globe": {"Days To Maturity": "55 days", "Fruit Size": "1-3 inches", "Sun": "Full Sun", "Spread": "12-15 inches", "Height": "12-15 inches", "Sow Method": "Direct Sow", "Planting Time": "Fall, Spring", "Sow Time": "2-4 weeks BLF", "Thin": "4 inches", "Life Cycle": "Annual"}, "Watermelon, Georgia Rattlesnake": {"Days To Maturity": "90 days", "Fruit Weight": "30 pounds", "Sun": "Full Sun", "Spread": "72-96 inches", "Height": "15-24 inches", "Sow Method": "Direct Sow", "Planting Time": "Spring", "Sow Time": "After Last Frost", "Thin": "36 inches", "Life Cycle": "Annual"}, "Honeydew, Dolce Nectar Hybrid": {"Days To Maturity": "75-80 days", "Fruit Weight": "6-7 pounds", "Sun": "Full Sun", "Spread": "72-96 inches", "Height": "8-12 inches", "Sow Method": "Direct Sow", "Planting Time": "Summer", "Sow Time": "After Last Frost", "Thin": "36 inches", "Life Cycle": "Annual"}, "Calendula, Pacific Beauty Mix Organic": {"Sun": "Full Sun", "Height": "12-24 inches", "Spread": "10-12 inches", "Ornamental Use": "Borders", "Life Cycle": "Annual", "Sow Method": "Direct Sow/Indoor Sow", "Flowering": "Yes", "Bloom Duration": "10 weeks", "Flower color": "Orange, White, Yellow"}}